--
-- PostgreSQL database dump
--

SET statement_timeout = 0;
SET client_encoding = 'UTF8';
SET standard_conforming_strings = on;
SET check_function_bodies = false;
SET client_min_messages = warning;

SET search_path = public, pg_catalog;

--
-- Data for Name: agencia; Type: TABLE DATA; Schema: public; Owner: aticompanyuser
--

COPY agencia (id, nombre, ubicacion, latitud, longitud, empresa_id, created_at, updated_at) FROM stdin;
1	Los Simbolos	descripcion	20	10	1	2014-09-25 14:08:26.015267	2014-09-25 14:08:26.015267
2	Macaracuay	descripcion	20	30	1	2014-09-25 14:08:50.002898	2014-09-25 14:08:50.002898
3	El Valle	descripcion	20	30	1	2014-09-25 14:08:59.378276	2014-09-25 14:08:59.378276
4	La Taona	descripcion	20	30	1	2014-09-25 14:09:08.553369	2014-09-25 14:09:08.553369
5	Altamira	descripcion	20	30	1	2014-09-25 14:09:16.713647	2014-09-25 14:09:16.713647
6	Chuao	descripcion	20	30	1	2014-09-25 14:09:23.802172	2014-09-25 14:09:23.802172
7	CCCT	descripcion	20	30	1	2014-09-25 14:09:32.441226	2014-09-25 14:09:32.441226
8	Sambil	descripcion	20	30	1	2014-09-25 14:09:42.656814	2014-09-25 14:09:42.656814
\.


--
-- Name: agencia_id_seq; Type: SEQUENCE SET; Schema: public; Owner: aticompanyuser
--

SELECT pg_catalog.setval('agencia_id_seq', 8, true);


--
-- Data for Name: agencia_paquetes; Type: TABLE DATA; Schema: public; Owner: aticompanyuser
--

COPY agencia_paquetes (id, fecha_arribo, agencia_id, paquete_id, tipo_estado_id, created_at, updated_at) FROM stdin;
1	2014-06-01 00:00:00	2	6	1	2014-09-25 15:10:09.87891	2014-09-25 15:10:09.87891
2	2014-06-01 00:00:00	2	6	3	2014-09-25 15:10:11.469177	2014-09-25 15:10:11.469177
3	2014-06-02 00:00:00	3	6	2	2014-09-25 15:10:24.351276	2014-09-25 15:10:24.351276
4	2014-06-02 00:00:00	3	6	3	2014-09-25 15:10:24.378927	2014-09-25 15:10:24.378927
5	2014-06-03 00:00:00	5	6	2	2014-09-25 15:10:24.406288	2014-09-25 15:10:24.406288
6	2014-06-06 00:00:00	5	6	4	2014-09-25 15:10:25.314325	2014-09-25 15:10:25.314325
7	2014-06-02 00:00:00	4	5	1	2014-09-25 15:10:37.495288	2014-09-25 15:10:37.495288
8	2014-06-02 00:00:00	4	5	3	2014-09-25 15:10:37.522406	2014-09-25 15:10:37.522406
9	2014-06-03 00:00:00	3	5	2	2014-09-25 15:10:37.551262	2014-09-25 15:10:37.551262
10	2014-06-03 00:00:00	3	5	3	2014-09-25 15:10:37.575629	2014-09-25 15:10:37.575629
11	2014-06-04 00:00:00	2	5	2	2014-09-25 15:10:37.604986	2014-09-25 15:10:37.604986
12	2014-06-04 00:00:00	2	5	4	2014-09-25 15:10:38.457283	2014-09-25 15:10:38.457283
13	2014-07-09 00:00:00	4	7	1	2014-09-25 15:10:49.913255	2014-09-25 15:10:49.913255
14	2014-07-09 00:00:00	4	7	3	2014-09-25 15:10:49.935507	2014-09-25 15:10:49.935507
15	2014-07-10 00:00:00	3	7	2	2014-09-25 15:10:49.9636	2014-09-25 15:10:49.9636
16	2014-07-10 00:00:00	3	7	3	2014-09-25 15:10:49.992469	2014-09-25 15:10:49.992469
17	2014-07-11 00:00:00	5	7	2	2014-09-25 15:10:50.020678	2014-09-25 15:10:50.020678
18	2014-07-11 00:00:00	5	7	3	2014-09-25 15:10:50.046509	2014-09-25 15:10:50.046509
19	2014-07-12 00:00:00	6	7	2	2014-09-25 15:10:50.074389	2014-09-25 15:10:50.074389
20	2014-10-12 00:00:00	6	7	4	2014-09-25 15:10:51.137525	2014-09-25 15:10:51.137525
21	2014-12-01 00:00:00	1	4	1	2014-09-25 15:11:05.597414	2014-09-25 15:11:05.597414
22	2014-12-01 00:00:00	1	4	3	2014-09-25 15:11:05.621053	2014-09-25 15:11:05.621053
23	2014-12-12 00:00:00	2	4	2	2014-09-25 15:11:05.643018	2014-09-25 15:11:05.643018
24	2014-12-12 00:00:00	2	4	3	2014-09-25 15:11:05.668275	2014-09-25 15:11:05.668275
25	2014-12-13 00:00:00	3	4	2	2014-09-25 15:11:05.698586	2014-09-25 15:11:05.698586
26	2014-12-13 00:00:00	3	4	3	2014-09-25 15:11:05.724793	2014-09-25 15:11:05.724793
27	2014-12-14 00:00:00	4	4	2	2014-09-25 15:11:05.750608	2014-09-25 15:11:05.750608
28	2014-12-14 00:00:00	4	4	3	2014-09-25 15:11:05.773025	2014-09-25 15:11:05.773025
29	2014-12-16 00:00:00	5	4	2	2014-09-25 15:11:05.79809	2014-09-25 15:11:05.79809
30	2014-12-16 00:00:00	5	4	3	2014-09-25 15:11:05.822241	2014-09-25 15:11:05.822241
31	2014-12-26 00:00:00	6	4	2	2014-09-25 15:11:05.846863	2014-09-25 15:11:05.846863
32	2014-12-31 00:00:00	6	4	4	2014-09-25 15:11:06.808347	2014-09-25 15:11:06.808347
33	2014-09-26 16:18:27.889609	2	9	2	2014-09-26 16:18:27.90743	2014-09-26 16:18:27.90743
34	2014-09-26 17:19:38.839923	4	11	2	2014-09-26 17:19:38.860707	2014-09-26 17:19:38.860707
35	2014-09-26 18:00:46.609924	4	12	2	2014-09-26 18:00:46.612043	2014-09-26 18:00:46.612043
36	2014-09-26 19:45:30.84102	3	13	2	2014-09-26 19:45:30.843434	2014-09-26 19:45:30.843434
37	2014-09-26 19:50:14.671086	2	14	2	2014-09-26 19:50:14.673439	2014-09-26 19:50:14.673439
38	2014-09-26 22:42:40.990825	4	15	2	2014-09-26 22:42:41.005091	2014-09-26 22:42:41.005091
39	2014-09-27 00:20:49.350492	3	16	2	2014-09-27 00:20:49.352678	2014-09-27 00:20:49.352678
40	2014-09-27 00:21:57.675192	3	17	2	2014-09-27 00:21:57.677217	2014-09-27 00:21:57.677217
41	2014-09-27 00:25:16.498585	2	19	2	2014-09-27 00:25:16.501182	2014-09-27 00:25:16.501182
42	2014-09-27 00:25:58.45781	2	20	2	2014-09-27 00:25:58.460747	2014-09-27 00:25:58.460747
43	2014-09-27 00:38:40.425769	3	21	2	2014-09-27 00:38:40.432471	2014-09-27 00:38:40.432471
44	2014-09-27 00:43:01.072899	3	22	2	2014-09-27 00:43:01.075269	2014-09-27 00:43:01.075269
45	2014-09-27 00:48:12.821508	2	23	2	2014-09-27 00:48:12.823936	2014-09-27 00:48:12.823936
47	2014-10-21 01:59:54.790865	1	25	2	2014-10-21 01:59:54.813807	2014-10-21 01:59:54.813807
50	2014-10-21 02:10:40.392551	1	26	2	2014-10-21 02:10:40.40917	2014-10-21 02:10:40.40917
53	2014-10-21 02:19:14.24689	1	27	2	2014-10-21 02:19:14.406111	2014-10-21 02:19:14.406111
54	2014-10-21 02:20:44.78337	1	28	2	2014-10-21 02:20:44.917917	2014-10-21 02:20:44.917917
55	2014-10-21 02:21:16.354888	1	29	2	2014-10-21 02:21:16.572256	2014-10-21 02:21:16.572256
56	2014-10-21 02:22:44.206813	1	30	2	2014-10-21 02:22:44.379771	2014-10-21 02:22:44.379771
57	2014-10-21 02:24:01.177171	1	31	2	2014-10-21 02:24:01.238736	2014-10-21 02:24:01.238736
58	2014-10-21 02:26:21.368982	1	32	2	2014-10-21 02:26:21.582848	2014-10-21 02:26:21.582848
46	2014-10-22 01:57:40.419141	1	24	2	2014-10-21 01:59:42.732436	2014-10-22 01:57:40.610411
63	2014-10-22 02:08:28.720824	1	\N	3	2014-10-22 02:08:28.825987	2014-10-22 02:08:28.825987
64	2014-10-22 02:09:04.346308	1	\N	3	2014-10-22 02:09:04.362315	2014-10-22 02:09:04.362315
65	2014-10-22 02:10:47.392075	1	\N	3	2014-10-22 02:10:47.408307	2014-10-22 02:10:47.408307
66	2014-10-22 02:11:51.975527	1	24	3	2014-10-22 02:11:52.088183	2014-10-22 02:11:52.088183
67	2014-10-22 02:12:51.116649	1	24	3	2014-10-22 02:12:51.129339	2014-10-22 02:12:51.129339
68	2014-10-22 02:13:19.714408	1	24	3	2014-10-22 02:13:19.812968	2014-10-22 02:13:19.812968
69	2014-10-22 02:16:40.033137	1	33	2	2014-10-22 02:16:40.178314	2014-10-22 02:16:40.178314
70	2014-10-22 02:18:28.960794	1	33	3	2014-10-22 02:18:28.981378	2014-10-22 02:18:28.981378
71	2014-10-22 02:18:31.541371	1	33	3	2014-10-22 02:18:31.557752	2014-10-22 02:18:31.557752
72	2014-10-22 02:19:04.498728	1	33	3	2014-10-22 02:19:04.528016	2014-10-22 02:19:04.528016
73	2014-10-22 02:22:21.462342	1	34	2	2014-10-22 02:22:21.61306	2014-10-22 02:22:21.61306
74	2014-10-22 02:22:39.105219	1	34	3	2014-10-22 02:22:39.195678	2014-10-22 02:22:39.195678
75	2014-10-22 02:22:43.862801	1	34	1	2014-10-22 02:22:43.876488	2014-10-22 02:22:43.876488
76	2014-10-22 02:22:46.854072	1	34	2	2014-10-22 02:22:46.868307	2014-10-22 02:22:46.868307
77	2014-10-22 02:22:49.26845	1	34	3	2014-10-22 02:22:49.282487	2014-10-22 02:22:49.282487
78	2014-10-22 02:22:50.403103	1	34	1	2014-10-22 02:22:50.42364	2014-10-22 02:22:50.42364
79	2014-10-22 02:26:30.693049	1	33	1	2014-10-22 02:26:30.828835	2014-10-22 02:26:30.828835
80	2014-10-22 02:27:38.382492	1	35	2	2014-10-22 02:27:38.48486	2014-10-22 02:27:38.48486
81	2014-10-22 02:27:46.987451	1	35	3	2014-10-22 02:27:47.007528	2014-10-22 02:27:47.007528
82	2014-10-22 02:27:52.170179	1	35	1	2014-10-22 02:27:52.195659	2014-10-22 02:27:52.195659
83	2014-10-22 02:30:31.861664	1	36	2	2014-10-22 02:30:32.002258	2014-10-22 02:30:32.002258
84	2014-10-22 02:33:41.684151	1	36	3	2014-10-22 02:33:41.808742	2014-10-22 02:33:41.808742
85	2014-10-22 02:33:47.274369	1	36	1	2014-10-22 02:33:47.30486	2014-10-22 02:33:47.30486
86	2014-10-22 02:37:52.322056	1	37	2	2014-10-22 02:37:52.497225	2014-10-22 02:37:52.497225
87	2014-10-22 02:38:49.437667	1	37	3	2014-10-22 02:38:49.601832	2014-10-22 02:38:49.601832
88	2014-10-22 02:39:23.128934	1	37	1	2014-10-22 02:39:23.156331	2014-10-22 02:39:23.156331
89	2014-10-22 23:01:29.204389	1	38	2	2014-10-22 23:01:29.395257	2014-10-22 23:01:29.395257
90	2014-10-22 23:06:05.827973	1	38	3	2014-10-22 23:06:05.955884	2014-10-22 23:06:05.955884
91	2014-10-22 23:06:14.036095	1	38	5	2014-10-22 23:06:14.096337	2014-10-22 23:06:14.096337
92	2014-10-22 23:12:35.390751	1	38	1	2014-10-22 23:12:35.51661	2014-10-22 23:12:35.51661
93	2014-10-22 23:25:29.902847	1	39	2	2014-10-22 23:25:29.931089	2014-10-22 23:25:29.931089
94	2014-10-22 23:26:44.778788	1	39	3	2014-10-22 23:26:44.818778	2014-10-22 23:26:44.818778
95	2014-10-22 23:26:48.604312	1	39	5	2014-10-22 23:26:48.636329	2014-10-22 23:26:48.636329
96	2014-10-22 23:34:51.695325	1	40	2	2014-10-22 23:34:51.890832	2014-10-22 23:34:51.890832
97	2014-10-22 23:35:06.206404	1	40	3	2014-10-22 23:35:06.376576	2014-10-22 23:35:06.376576
98	2014-10-22 23:35:21.194539	1	40	5	2014-10-22 23:35:21.229466	2014-10-22 23:35:21.229466
99	2014-10-22 23:59:25.577337	1	41	2	2014-10-22 23:59:25.714362	2014-10-22 23:59:25.714362
\.


--
-- Name: agencia_paquetes_id_seq; Type: SEQUENCE SET; Schema: public; Owner: aticompanyuser
--

SELECT pg_catalog.setval('agencia_paquetes_id_seq', 99, true);


--
-- Data for Name: empresas; Type: TABLE DATA; Schema: public; Owner: aticompanyuser
--

COPY empresas (id, nombre, rif, frase_comercial, constante_tarifa, porcentaje_tarifa, created_at, updated_at) FROM stdin;
1	Hermes	J-123456789-0	El servicio de entrega de los dioses	0	45	2014-09-25 10:01:34.521632	2014-10-21 01:46:10.97948
\.


--
-- Name: empresas_id_seq; Type: SEQUENCE SET; Schema: public; Owner: aticompanyuser
--

SELECT pg_catalog.setval('empresas_id_seq', 1, true);


--
-- Data for Name: paquetes; Type: TABLE DATA; Schema: public; Owner: aticompanyuser
--

COPY paquetes (id, ancho, alto, peso, descripcion, numero_guia, costo, created_at, updated_at, emisor_id, receptor_id, profundidad) FROM stdin;
8	40	4	0.400000000000000022	Teclado Gamer	548289c819c7d29d22e68b6fafc1c5ab1cec8cb0	120	2014-09-25 14:23:44.594811	2014-09-25 14:23:44.594811	1	2	58
2	20	10	30	Descripcion	6bfdf5c20efa5a963ac7339c6891ca4124b9764e	150	2014-09-25 14:16:04.273164	2014-09-26 14:33:08.16502	1	2	15.3200000000000003
3	17.5399999999999991	0.5	0.340000000000000024	Aretes	7b5d1f72494cfe5940ea8b765d2755b97dc13567	300	2014-09-25 14:17:27.300141	2014-09-26 14:33:17.002912	3	4	25.8000000000000007
4	27.8999999999999986	13.5	37.7700000000000031	Caja desconocida	0afc5fb8e2d915d641abc948d371a4dadf3dd214	87.5999999999999943	2014-09-25 14:18:28.127075	2014-09-26 14:33:50.969775	5	6	13.5
5	0.900000000000000022	9.5	7.96999999999999975	Lamina de Adamantio	58dd4fcb937e63509c854f30175a524e42dfde4e	1000	2014-09-25 14:19:27.256682	2014-09-26 14:34:31.81314	3	5	29.4299999999999997
6	56.8999999999999986	9.75999999999999979	7.96999999999999975	Queso Gigante	702c97c440baaa9afe2404b549b32897ea829a98	0.5	2014-09-25 14:22:13.510192	2014-09-26 14:34:42.552338	2	4	15.8000000000000007
7	10.9000000000000004	20.7600000000000016	500	Monitor Viejo	b42a1b82c89d65d2dd74c22833c883321a1c699b	100	2014-09-25 14:22:49.188632	2014-09-26 14:34:55.608403	1	5	89.5
9	5	5	5	dfsf	f285302cf51af818490f019b6766a0f713638e98	100	2014-09-26 16:18:27.87941	2014-09-26 16:18:27.87941	1	7	5
10	5	5	5	Test Pckg	c265841e8d728deab0e676813178f206af2efb79	42.1666666666666643	2014-09-26 17:18:12.269745	2014-09-26 17:18:12.269745	1	2	5
11	5	5	5	any	ec6bc0bfb97d66bbc53b404f3272e23d0f584e6e	42.1666666666666643	2014-09-26 17:19:38.832334	2014-09-26 17:19:38.832334	1	2	5
12	2	2	3	Test	cfd465f735135b31e17b6359d814dd481676c5d0	2.20000000000000018	2014-09-26 18:00:46.605216	2014-09-26 18:00:46.605216	1	2	3
13	1	1	1	Text	6334b9db63fbc2f4311d87e40c8919eac53f9085	0.60199999999999998	2014-09-26 19:45:30.836553	2014-09-26 19:48:37.343607	1	1	3
14	12	12	21	Texto de prueba	5463c158bc3f62f89978018e3493b517ed7e5429	403.401999999999987	2014-09-26 19:50:14.666569	2014-09-26 19:50:14.666569	1	5	2
15	5	5	0.149999999999999994	Teclado	1acae99bed11b1424527f4c930907fc498273739	24.5	2014-09-26 22:42:40.982562	2014-09-26 22:42:40.982562	13	12	10
16	4	4	2	Test	155021eede2a531a47b9dfa1c11ec7a0483c0a0c	8.15000000000000036	2014-09-27 00:20:49.345674	2014-09-27 00:20:49.345674	14	12	3
17	2	2	4	Test	57921cab6d7d1d1c848747a14336345573dc00fb	2.35000000000000009	2014-09-27 00:21:57.67113	2014-09-27 00:21:57.67113	14	13	3
18	1	1	1	:0	f8583ed92b948b1c5bb66f19755f0a99a6d756b8	0.216666666666666674	2014-09-27 00:24:40.25286	2014-09-27 00:24:40.25286	5	1	1
19	1	1	1	:0	a4dd9ce49de58c7b224d2bcba96ab54cb8ed12b4	0.216666666666666674	2014-09-27 00:25:16.491674	2014-09-27 00:25:16.491674	5	1	1
20	2	2	4	:)	893ecaf15b6337c4845d298f5283208b226109b4	2.35000000000000009	2014-09-27 00:25:58.453456	2014-09-27 00:25:58.453456	5	1	3
21	2	2	4	:)	c7befc13af7a0c9939a0d5435ba460f5aeb39231	2.35000000000000009	2014-09-27 00:38:40.420933	2014-09-27 00:38:40.420933	5	1	3
22	2	2	4	:):)	c06d21790aeeee9d815913659d2d6512bec5be8f	2.35000000000000009	2014-09-27 00:43:01.04785	2014-09-27 00:43:01.04785	13	12	3
23	1	2	4	:)	3293e2ba0cbc6b56d8209677a1b10864418d7010	2.35000000000000009	2014-09-27 00:48:12.816343	2014-09-27 00:48:12.816343	13	12	3
24	12	3	4	paquete	d8ec975c7226970b50784fa00b30b5c952a82a0c	43	2014-10-21 01:59:42.517199	2014-10-21 01:59:42.517199	13	14	23
25	0	3	4	paquete	325c854ecc58892b90eedc0871ffce5c5a4f75d6	43	2014-10-21 01:59:54.751732	2014-10-21 01:59:54.751732	13	14	23
26	78	3	4	paquete	f8cf0bf4db0e58ae7a4199a19c96e71f46f41600	43	2014-10-21 02:10:40.361654	2014-10-21 02:10:40.361654	13	14	23
27	0.200000000000000011	3	4	paquete	d29d5d5194f870c19a46a02e8d3805d8cabe0d3e	43	2014-10-21 02:19:14.134654	2014-10-21 02:19:14.134654	13	14	23
28	0.200000000000000011	3	4	paquete	58415f36be6d6b598c21d3e3ca24b74290cafd68	43	2014-10-21 02:20:44.730463	2014-10-21 02:20:44.730463	13	14	23
29	0.200000000000000011	3	4	paquete	6b55a0a89272507ccb66901e6cf1a119ead24dfb	43	2014-10-21 02:21:16.224919	2014-10-21 02:21:16.224919	13	14	23
30	0.200000000000000011	3	4	paquete	fe4329c137faae7183fbf3512fc9c13d3d9197b5	43	2014-10-21 02:22:44.113488	2014-10-21 02:22:44.113488	13	14	23
31	0.200000000000000011	3	4	paquete	5accb85b5e31b2e84b48427bb7be1d45d8fe3569	43	2014-10-21 02:24:01.139204	2014-10-21 02:24:01.139204	13	14	23
32	0.200000000000000011	3	4	paquete	84abde90a1db223ab62d4d287d8ae5ed545cd1d3	43	2014-10-21 02:26:21.248227	2014-10-21 02:26:21.248227	13	14	23
33	3	4	4	4	9aed60114f68d69c76b2514b9e0bb4cfcbf5b4d4	4	2014-10-22 02:16:39.959363	2014-10-22 02:16:39.959363	13	14	2
34	3	4	4	4	0783823c668e5614027db663db5750e2b305531d	4	2014-10-22 02:22:21.342209	2014-10-22 02:22:21.342209	13	14	2
35	3	4	4	4	6748fde843c7a84a94f933a6711d7a8d6eb2f48c	4	2014-10-22 02:27:38.331854	2014-10-22 02:27:38.331854	13	14	2
36	3	4	4	4	e5be293b1913e9c4bc82a8326d25a1cd1066d1a4	4	2014-10-22 02:30:31.802905	2014-10-22 02:30:31.802905	13	14	2
37	3	4	4	4	75220bdfe586a4e1b185e4f0af26d275ec1e9177	4	2014-10-22 02:37:52.259311	2014-10-22 02:37:52.259311	13	14	2
38	12	3	4	paquete de prueba de correo	18a62b7c982cf3a340b387d776a139b5f9959849	43	2014-10-22 23:01:29.150255	2014-10-22 23:01:29.150255	1	16	23
39	3	4	4	paquete de prueba de correo 2	8178d8a709a3fa637ab14a2face172e380ad8689	4	2014-10-22 23:25:29.875744	2014-10-22 23:25:29.875744	1	16	43
40	3	4	4	paquete de prueba de correo 3	aaf7fe2fa91f5234246cea6c8076f152f6e2dfe8	4	2014-10-22 23:34:51.589734	2014-10-22 23:34:51.589734	1	16	43
41	3	4	4	p1	3fc377c12d9f1c4222ed6a7ded3e3ff6246265e4	4	2014-10-22 23:59:25.536994	2014-10-22 23:59:25.536994	1	16	23
\.


--
-- Name: paquetes_id_seq; Type: SEQUENCE SET; Schema: public; Owner: aticompanyuser
--

SELECT pg_catalog.setval('paquetes_id_seq', 41, true);


--
-- Data for Name: schema_migrations; Type: TABLE DATA; Schema: public; Owner: aticompanyuser
--

COPY schema_migrations (version) FROM stdin;
20140924041724
20140924042022
20140924042132
20140924042408
20140924042837
20140924043040
20140924043340
20140924043455
20140924123137
20140925114200
20140925115952
20140925122005
20140927205022
20140928100946
20140928101301
20141021003719
\.


--
-- Data for Name: tipo_estados; Type: TABLE DATA; Schema: public; Owner: aticompanyuser
--

COPY tipo_estados (id, nombre, abreviacion, created_at, updated_at) FROM stdin;
2	Recibido	R	2014-09-25 10:00:07.15843	2014-09-25 10:00:07.15843
3	En Transito	OT	2014-09-25 10:00:17.310225	2014-09-25 10:00:17.310225
1	Entregado	D	2014-09-25 09:59:58.959108	2014-09-25 09:59:58.959108
5	En Agencia	OA	2014-10-22 17:42:28.632793	2014-10-22 17:42:40.453186
\.


--
-- Name: tipo_estados_id_seq; Type: SEQUENCE SET; Schema: public; Owner: aticompanyuser
--

SELECT pg_catalog.setval('tipo_estados_id_seq', 5, true);


--
-- Data for Name: tipo_usuarios; Type: TABLE DATA; Schema: public; Owner: aticompanyuser
--

COPY tipo_usuarios (id, nombre, abreviacion, created_at, updated_at) FROM stdin;
1	Administrador	A	2014-09-25 09:58:47.37661	2014-09-25 09:58:47.37661
2	Operador	O	2014-09-25 09:58:55.592429	2014-09-25 09:58:55.592429
3	Usuario Afiliado	UA	2014-09-25 09:59:04.58427	2014-09-25 09:59:04.58427
\.


--
-- Name: tipo_usuarios_id_seq; Type: SEQUENCE SET; Schema: public; Owner: aticompanyuser
--

SELECT pg_catalog.setval('tipo_usuarios_id_seq', 3, true);


--
-- Data for Name: usuario_empresas; Type: TABLE DATA; Schema: public; Owner: aticompanyuser
--

COPY usuario_empresas (id, usuario_id, empresa_id, created_at, updated_at) FROM stdin;
1	1	1	2014-09-25 15:16:10.27677	2014-09-25 15:16:10.27677
2	2	1	2014-09-25 15:16:33.590037	2014-09-25 15:16:33.590037
3	3	1	2014-09-25 15:16:35.901584	2014-09-25 15:16:35.901584
4	4	1	2014-09-25 15:16:38.213521	2014-09-25 15:16:38.213521
5	5	1	2014-09-25 15:16:40.957718	2014-09-25 15:16:40.957718
6	6	1	2014-09-25 15:16:43.797504	2014-09-25 15:16:43.797504
\.


--
-- Name: usuario_empresas_id_seq; Type: SEQUENCE SET; Schema: public; Owner: aticompanyuser
--

SELECT pg_catalog.setval('usuario_empresas_id_seq', 7, true);


--
-- Data for Name: usuario_interno_agencia; Type: TABLE DATA; Schema: public; Owner: aticompanyuser
--

COPY usuario_interno_agencia (id, usuario_id, agencia_id, created_at, updated_at) FROM stdin;
1	1	1	2014-09-25 15:20:29.422562	2014-09-25 15:20:29.422562
2	1	2	2014-09-25 15:20:31.616641	2014-09-25 15:20:31.616641
3	1	3	2014-09-25 15:20:34.12061	2014-09-25 15:20:34.12061
4	1	4	2014-09-25 15:20:48.272194	2014-09-25 15:20:48.272194
5	1	5	2014-09-25 15:20:50.01631	2014-09-25 15:20:50.01631
6	1	6	2014-09-25 15:20:51.720025	2014-09-25 15:20:51.720025
7	1	7	2014-09-25 15:20:53.368086	2014-09-25 15:20:53.368086
8	1	8	2014-09-25 15:20:54.888407	2014-09-25 15:20:54.888407
9	2	1	2014-09-25 15:21:33.99966	2014-09-25 15:21:33.99966
10	2	2	2014-09-25 15:21:35.951078	2014-09-25 15:21:35.951078
11	2	3	2014-09-25 15:21:37.335129	2014-09-25 15:21:37.335129
12	2	4	2014-09-25 15:21:38.951196	2014-09-25 15:21:38.951196
13	2	5	2014-09-25 15:21:40.34322	2014-09-25 15:21:40.34322
14	2	6	2014-09-25 15:21:41.638861	2014-09-25 15:21:41.638861
15	2	7	2014-09-25 15:21:43.047058	2014-09-25 15:21:43.047058
16	2	8	2014-09-25 15:21:44.414929	2014-09-25 15:21:44.414929
17	3	1	2014-09-25 15:22:19.270544	2014-09-25 15:22:19.270544
18	3	2	2014-09-25 15:22:21.582317	2014-09-25 15:22:21.582317
19	3	3	2014-09-25 15:22:24.942177	2014-09-25 15:22:24.942177
20	4	4	2014-09-25 15:22:31.661771	2014-09-25 15:22:31.661771
21	4	5	2014-09-25 15:22:33.565881	2014-09-25 15:22:33.565881
22	4	6	2014-09-25 15:22:35.15794	2014-09-25 15:22:35.15794
\.


--
-- Name: usuario_interno_agencia_id_seq; Type: SEQUENCE SET; Schema: public; Owner: aticompanyuser
--

SELECT pg_catalog.setval('usuario_interno_agencia_id_seq', 22, true);


--
-- Data for Name: usuarios; Type: TABLE DATA; Schema: public; Owner: aticompanyuser
--

COPY usuarios (id, nombre, apellido, correo_electronico, fecha_ultimo_acceso, tipo_usuario_id, created_at, updated_at, password_digest, pregunta, respuesta, api_token) FROM stdin;
3	manuel	sanchez	msanhez@mail.com	2014-09-25 15:42:16.986305	3	2014-09-25 15:42:17.072707	2014-10-21 01:04:24.430281	$2a$10$QBspv94r8SQp13g10323JOgX87NPmOMEY9jnhCdNn.zWhzg.peG8i	Color Favorito?	amarillo	2d4c32bd2fb2f9612d0de21ad9c5881372cb1761
4	juan	garcia	jgarcia@mail.com	2014-09-25 15:42:37.10031	3	2014-09-25 15:42:37.178875	2014-10-21 01:04:24.48422	$2a$10$lDGZDIp1oseDgVwty4Epl.4LOxXVyDuvUHUFfdv1Dz8IY0NFui9ZS	Color Favorito?	amarillo	540c9ab6c3a62e05632b69bcfadc1b48923c7105
5	sergio	rivas	srivas@mail.com	2014-09-25 15:42:58.608164	2	2014-09-25 15:42:58.684456	2014-10-21 01:04:24.516887	$2a$10$1Q/oyrNOsZLuW3iiKaTZwOODiCcMv/j8tC6F0ZzCsHFWq1M5vZrtG	Color Favorito?	amarillo	6afa6a700fd80bc48c4fe0f3151d9aeb9bccf64f
6	andres	viviani	aviviani@mail.com	2014-09-25 15:45:24.617389	2	2014-09-25 15:45:24.705592	2014-10-21 01:04:24.553219	$2a$10$OGRDlrvtLKIQzjMs7sth9.u5upLpsFEuulpGmh2SLD0jeq4QrocD6	Color Favorito?	amarillo	86e25d103d3845657179de295e0b99ead722fdf1
7	Daniel	Cavadia	dcavadia@mail.com	2014-09-28 05:17:04.951689	3	2014-09-28 05:17:05.020131	2014-10-21 01:04:24.588035	$2a$10$qS5Oi0c/U.wApeWstFZKtO5BXBGckuHzGSKFObOAhLvS2Pc.Ogm2.	Color Favorito?	amarillo	159e0242971cc0da40fac9d4416568b8136954c7
8	Ana	Russian	arussian@mail.com	2014-09-28 06:00:58.226254	3	2014-09-28 06:00:58.292935	2014-10-21 01:04:24.626	$2a$10$2jpmssgOql92CFRF19Q7OOhCxSLS0SDrxT3B8ZGdbCClwu2B7zd9u	Color Favorito?	amarillo	592fddefbca9f3cef4cc86282ebd81e2e22c4362
9	Maria	Russian	mrussian@mail.com	2014-09-28 06:04:50.737498	2	2014-09-28 06:04:50.807474	2014-10-21 01:04:24.668389	$2a$10$ytB8cgcXxR6JBQMVTFE8rurjmyzWnmFi8hnfdc7vbw55bE1Risf	Color Favorito?	amarillo	89914422925c198c2a6e9b8013bfe52254c65f19
10	Jacobo	Cordido	jcordido@mail.com	2014-09-28 06:08:51.291584	2	2014-09-28 06:08:51.361362	2014-10-21 01:04:24.706162	$2a$10$RC/8ooh6VQVkkJHYMKUrg./nC2b3RTjNzkgopB2tGTDzWDEgTGxhu	Color Favorito?	amarillo	696d2d5b1436e97dc2f1ba0df5b810dc373c2086
2	alberto	cavadia	osoflash_2@hotmail.com	2014-09-28 04:38:21.101165	1	2014-09-25 15:41:50.301841	2014-10-21 01:04:24.740978	$2a$10$WkqhaheONvZh6.K0tri7CeTdJeFIpKleqeaqzTkKikNrxx9BfkIEu	Como se llama tu primer perro de la infancia?	toby	c3d114764765683a3ad08578c7cf46d30a71e978
11	Propel	PHP	pphp@mail.com	2014-09-28 13:24:48.229129	3	2014-09-28 13:24:48.362713	2014-10-21 01:04:24.773228	$2a$10$yPxLAbUA94PXHrltyTq2puNuzyGLCXfTEPU5C58qenhjQqUh9GRdm	Color Favorito?	amarillo	e3c18492481cf6055255021b3529cf094438096e
14	operador	Prueba	o@m.com	2014-09-26 21:29:39.060741	2	2014-09-26 21:05:38.168446	2014-10-21 01:04:24.814508	$2a$10$uu6u8mtOFKcGDc9ndU5Qo.issBQG1/PHGeZr4Ucug7fYrdptiKBcm	Color favorito?	amarillo	460d5f641eb15a3e43061a653bf752519f26a06c
12	cliente	prueba	c@m.com	2014-09-26 22:41:43.804955	3	2014-09-26 20:58:20.817826	2014-10-21 01:04:24.8482	$2a$10$RCtoEsuZteP5sP5GIW/fB.tuytIPHgM0oLJYpP4oFX5TTSjMAdfSm	\N	\N	65d1e33ea42bff9562b4d073de6811bb905fc784
1	jesus	gomez	jesus.igp009@gmail.com	2014-09-26 20:51:59.36772	1	2014-09-25 15:40:06.618867	2014-10-21 01:04:24.881474	$2a$10$tKIIKpo8VV1vv6ucpmbaweMxeJfVQa9ohuAaq0tsGYZJtptT51rPy	Si tu perrita fuera un embutido, cual seria?	salchicha	ef33f07a8aae94b8a3c0f89fc4db68c46ca9bef0
13	Administrador	Prueba	a@m.com	2014-09-27 00:18:14.693276	1	2014-09-26 21:05:07.729756	2014-10-21 01:04:24.92677	$2a$10$jD3eHFrk/tiFDXEcqOKTa.CaXgDc3upMt3/nIonbY83PO9rZOGQnC	Color favorito?	amarillo	8da51d501d43b382b086d4723e63c0482cc0384d
15	jesus	gomez	je@mail.com	2014-10-21 01:08:20.958886	3	2014-10-21 01:08:21.559597	2014-10-21 01:09:02.78453	$2a$10$F2XsnqaI73esVBUQ3FQzBeGGfV0A4MluC3liYg3RZQIq5kuS/R4pK	Color Favorito	amarillo	dce05457e2762b6b4a45dbea6ed5d3da7a89c90e
16	jesus	gomez	jgomez@cgtscorp.com	2014-10-22 22:59:40.423465	3	2014-10-22 22:59:40.909468	2014-10-22 22:59:40.909468	$2a$10$6C4pxT/WZq13N0.4//BdbO8rhk7yHhb0LkrOxe5H63j0qqFePGYji	pregunta	oso	\N
\.


--
-- Name: usuarios_id_seq; Type: SEQUENCE SET; Schema: public; Owner: aticompanyuser
--

SELECT pg_catalog.setval('usuarios_id_seq', 16, true);


--
-- PostgreSQL database dump complete
--

